Customer_ID,Name,Gender,Age,City,Purchase_Amount,Purchase_Date
C0001,Diya,Male,30.0,bangalore,5930.83,2025-08-25
C0002,Aditya,Female,30.0,Chennai,14285.36,2025-12-31
C0003,Aarav,Male,47.0,Hyderabad,11113.91,2025-12-08
C0004,Diya,Male,,mumbai,9180.55,2025-05-30
C0005,Kavya,Male,34.0,,2762.27,2025-10-10
C0006,Aditya,Male,56.0,Chennai,2761.92,2025-04-12
C0007,Rahul,Male,34.0,,1342.21,2025-01-16
C0008,Sneha,Female,20.0,Hyderabad,13059.55,2025-10-27
C0009,Diya,Female,32.0,Kolkata,9216.17,2025-07-29
C0010,Ananya,Male,52.0,mumbai,10767.05,2025-03-22
C0011,Kavya,Male,57.0,bangalore,798.48,2025-08-16
C0012,Sneha,Female,32.0,bangalore,14563.69,2025-12-12
C0013,Aditya,Female,27.0,Chennai,12570.42,2025-01-13
C0014,Aarav,Male,27.0,Pune,3578.92,2025-02-23
C0015,Aditya,Female,28.0,Pune,3136.46,2025-03-28
C0016,Diya,Male,45.0,Chennai,3159.37,2025-05-11
C0017,Ananya,Female,50.0,Hyderabad,4911.51,2025-11-09
C0018,Rahul,Female,53.0,Hyderabad,,2025-04-07
C0019,Diya,Female,47.0,DELHI,6763.2,2025-07-10
C0020,Diya,Male,41.0,Kolkata,4722.82,2025-08-07
C0021,Aditya,Male,61.0,Kolkata,,2025-08-21
C0022,Diya,Male,41.0,mumbai,2522.66,2025-01-13
C0023,Rahul,Female,48.0,bangalore,4736.1,2025-08-24
C0024,Aditya,Female,30.0,,5812.25,2025-10-24
C0025,Kavya,Male,,DELHI,7113.01,2025-10-11
C0026,Aarav,Male,55.0,Chennai,11885.05,2025-10-23
C0027,Sneha,Male,27.0,Chennai,3395.27,2025-01-27
C0028,Aarav,Female,44.0,Pune,7956.4,2025-12-23
C0029,Rohan,Female,65.0,Chennai,9090.01,2025-07-31
C0030,Ananya,Male,65.0,DELHI,1173.53,2025-07-06
C0031,Aarav,Female,55.0,,9309.4,2025-06-21
C0032,Vivaan,Male,26.0,mumbai,2972.6,2025-12-01
C0033,Kavya,Female,38.0,Kolkata,1443.25,2025-02-20
C0034,Rahul,Female,,Chennai,14258.84,2025-12-27
C0035,Sneha,Male,25.0,mumbai,14501.66,2025-09-18
C0036,Aarav,Female,56.0,mumbai,12221.76,2025-07-07
C0037,Vivaan,Male,50.0,bangalore,,2025-12-01
C0038,Aditya,Male,35.0,Hyderabad,1916.25,2025-09-02
C0039,Rahul,Male,48.0,Kolkata,10421.38,2025-07-16
C0040,Kavya,Male,28.0,mumbai,6882.21,2025-11-11
C0041,Sneha,Male,49.0,DELHI,2269.55,2025-12-31
C0042,Diya,Female,25.0,Chennai,,2025-07-21
C0043,Rohan,Male,46.0,Chennai,998.63,2025-04-17
C0044,Rohan,Male,30.0,Pune,13685.15,2025-06-04
C0045,Ananya,Male,26.0,Hyderabad,4252.31,2025-03-14
C0046,Priya,Female,29.0,Hyderabad,10106.57,2025-04-17
C0047,Kavya,Male,64.0,Kolkata,5019.81,2025-05-26
C0048,Priya,Male,,bangalore,8040.99,2025-05-16
C0049,Rohan,Female,47.0,Hyderabad,8427.3,2025-06-28
C0050,Aditya,Male,45.0,Hyderabad,3180.39,2025-12-02
C0051,Rohan,Male,23.0,Hyderabad,14558.98,2025-12-02
C0052,Aarav,Female,31.0,Pune,11739.43,2025-09-30
C0053,Diya,Male,57.0,,14122.73,2025-05-07
C0054,Vivaan,Female,53.0,mumbai,13475.0,2025-09-16
C0055,Vivaan,Male,36.0,Hyderabad,9169.55,2025-06-28
C0056,Aditya,Male,23.0,bangalore,,2025-08-09
C0057,Sneha,Male,,Chennai,1783.14,2025-08-15
C0058,Rohan,Female,27.0,Chennai,3341.75,2025-01-12
C0059,Kavya,Female,38.0,Chennai,1155.8,2025-11-22
C0060,Rahul,Male,36.0,Chennai,,2025-11-27
C0061,Diya,Male,60.0,mumbai,6135.82,2025-02-17
C0062,Kavya,Female,22.0,Chennai,4434.56,2025-10-15
C0063,Diya,Male,28.0,DELHI,12516.69,2025-04-09
C0064,Rohan,Female,48.0,Chennai,5672.92,2025-10-01
C0065,Kavya,Female,53.0,bangalore,4573.55,2025-01-29
C0066,Priya,Male,64.0,mumbai,100000.0,2025-03-30
C0067,Rohan,Male,54.0,Kolkata,,2025-09-30
C0068,Vivaan,Female,43.0,mumbai,12131.86,2025-10-28
C0069,Rohan,Male,64.0,DELHI,1580.98,2025-08-22
C0070,Vivaan,Female,19.0,DELHI,14809.86,2025-07-12
C0071,Diya,Female,28.0,,11697.55,2025-07-21
C0072,Aarav,Female,19.0,Kolkata,3381.38,2025-09-27
C0073,Diya,Male,32.0,mumbai,580.07,2025-07-16
C0074,Aarav,Male,31.0,mumbai,12324.19,2025-10-18
C0075,Sneha,Male,65.0,Hyderabad,10749.43,2025-07-16
C0076,Diya,Male,30.0,Kolkata,11070.6,2025-02-05
C0077,Rahul,Male,55.0,Hyderabad,11683.42,2025-12-31
C0078,Sneha,Female,33.0,DELHI,1573.65,2025-11-07
C0079,Rohan,Male,18.0,Pune,5697.75,2025-05-12
C0080,Vivaan,Male,35.0,Kolkata,2180.1,2025-11-08
C0081,Vivaan,Female,57.0,,13015.0,2025-03-20
C0082,Vivaan,Male,53.0,DELHI,9537.82,2025-04-15
C0083,Sneha,Female,,Hyderabad,5298.02,2025-11-12
C0084,Priya,Female,42.0,Hyderabad,1421.6,2025-11-21
C0085,Priya,Female,57.0,Pune,5009.24,2025-11-11
C0086,Sneha,Female,60.0,bangalore,5215.16,2025-01-30
C0087,Priya,Male,50.0,bangalore,11079.29,2025-12-07
C0088,Diya,Male,30.0,Pune,9744.58,2025-02-15
C0089,Aditya,Female,62.0,Hyderabad,13364.58,2025-08-21
C0090,Priya,Male,63.0,Pune,7347.12,2025-02-16
C0091,Aarav,Male,30.0,DELHI,2234.12,2025-04-03
C0092,Kavya,Male,20.0,Chennai,10842.05,2025-11-10
C0093,Rohan,Male,61.0,Chennai,11531.38,2025-10-24
C0094,Priya,Male,26.0,Chennai,8638.52,2025-03-21
C0095,Sneha,Female,,Chennai,11679.02,2025-02-25
C0096,Diya,Male,58.0,bangalore,7660.04,2025-01-05
C0097,Ananya,Female,49.0,Kolkata,8079.63,2025-07-06
C0098,Kavya,Female,55.0,Pune,,2025-09-14
C0099,Kavya,Female,63.0,DELHI,868.58,2025-07-04
C0100,Rahul,Male,33.0,bangalore,2064.43,2025-12-09
C0101,Kavya,Female,20.0,Kolkata,955.72,2025-01-07
C0102,Kavya,Male,31.0,Chennai,9727.95,2025-12-19
C0103,Vivaan,Female,42.0,Kolkata,5058.16,2025-05-20
C0104,Sneha,Female,61.0,Pune,7874.28,2025-04-20
C0105,Rohan,Male,,Chennai,13659.71,2025-06-01
C0106,Rahul,Male,49.0,Chennai,4114.74,2025-02-03
C0107,Kavya,Female,53.0,Hyderabad,6450.55,2025-01-30
C0108,Aditya,Male,29.0,bangalore,11455.49,2025-10-18
C0109,Priya,Male,54.0,Kolkata,3817.57,2025-03-12
C0110,Vivaan,Male,30.0,Pune,,2025-11-03
C0111,Kavya,Female,36.0,Chennai,4701.4,2025-02-16
C0112,Kavya,Male,36.0,Kolkata,2837.71,2025-07-15
C0113,Rohan,Female,61.0,Chennai,13980.62,2025-03-18
C0114,Rahul,Male,20.0,Kolkata,12217.75,2025-02-05
C0115,Rahul,Female,28.0,bangalore,9684.35,2025-09-08
C0116,Ananya,Male,48.0,Pune,13136.18,2025-06-20
C0117,Priya,Female,23.0,Hyderabad,12153.25,2025-08-26
C0118,Rohan,Female,56.0,bangalore,3205.27,2025-07-22
C0119,Priya,Male,57.0,Hyderabad,13442.11,2025-05-06
C0120,Aditya,Male,55.0,Hyderabad,8320.46,2025-09-21
C0121,Diya,Female,56.0,mumbai,12207.88,2025-07-29
C0122,Sneha,Female,56.0,Hyderabad,13493.32,2025-12-07
C0123,Vivaan,Male,28.0,,5111.05,2025-06-27
C0124,Kavya,Female,37.0,Pune,2095.75,2025-06-11
C0125,Ananya,Male,31.0,mumbai,3805.06,2025-04-03
C0126,Diya,Female,47.0,mumbai,6693.06,2025-06-11
C0127,Sneha,Male,45.0,bangalore,12361.21,2025-01-15
C0128,Ananya,Male,,Kolkata,12980.59,2025-12-29
C0129,Aarav,Male,63.0,Hyderabad,600.81,2025-08-01
C0130,Kavya,Female,49.0,mumbai,,2025-04-10
C0131,Diya,Male,35.0,Hyderabad,,2025-07-18
C0132,Vivaan,Male,25.0,Chennai,3720.56,2025-09-20
C0133,Kavya,Female,20.0,Hyderabad,2238.05,2025-09-28
C0134,Rohan,Male,,mumbai,5395.42,2025-11-21
C0135,Aarav,Female,59.0,DELHI,14172.19,2025-01-03
C0136,Priya,Male,34.0,bangalore,,2025-07-20
C0137,Aarav,Female,22.0,mumbai,8022.46,2025-10-21
C0138,Kavya,Male,62.0,Chennai,10693.77,2025-12-25
C0139,Priya,Female,50.0,mumbai,5772.63,2025-01-07
C0140,Rohan,Male,59.0,,14590.84,2025-07-24
C0141,Kavya,Male,35.0,bangalore,14455.49,2025-07-21
C0142,Kavya,Male,21.0,bangalore,4150.84,2025-09-24
C0143,Ananya,Female,50.0,Chennai,7710.1,2025-04-02
C0144,Vivaan,Male,48.0,DELHI,4862.74,2025-05-21
C0145,Diya,Female,53.0,DELHI,4630.19,2025-01-10
C0146,Aarav,Male,22.0,Kolkata,1034.86,2025-11-14
C0147,Sneha,Male,56.0,Hyderabad,9338.68,2025-04-25
C0148,Ananya,Female,,Kolkata,7788.85,2025-01-06
C0149,Aditya,Female,51.0,Kolkata,1246.44,2025-05-09
C0150,Kavya,Female,40.0,Hyderabad,4540.37,2025-02-19
C0151,Ananya,Male,56.0,,13669.86,2025-04-04
C0152,Rohan,Female,22.0,DELHI,3973.65,2025-07-24
C0153,Rohan,Female,28.0,Pune,2600.98,2025-10-10
C0154,Diya,Male,53.0,bangalore,100000.0,2025-07-02
C0155,Priya,Female,,Kolkata,14791.93,2025-03-22
C0156,Diya,Male,34.0,bangalore,4009.8,2025-02-27
C0157,Kavya,Female,61.0,bangalore,10245.97,2025-05-03
C0158,Rohan,Male,19.0,mumbai,,2025-01-27
C0159,Priya,Female,63.0,mumbai,3945.74,2025-01-14
C0160,Ananya,Male,62.0,bangalore,11059.14,2025-04-05
C0161,Priya,Female,37.0,Kolkata,5832.86,2025-10-29
C0162,Ananya,Female,44.0,mumbai,9668.43,2025-04-28
C0163,Aditya,Female,18.0,bangalore,9686.18,2025-11-20
C0164,Rahul,Male,27.0,bangalore,8268.73,2025-12-27
C0165,Priya,Male,65.0,DELHI,1809.2,2025-03-12
C0166,Rohan,Female,35.0,Chennai,12611.89,2025-11-04
C0167,Ananya,Female,39.0,bangalore,5151.31,2025-01-11
C0168,Sneha,Male,35.0,Chennai,3204.52,2025-05-02
C0169,Aditya,Male,54.0,Pune,1091.24,2025-04-17
C0170,Kavya,Female,58.0,Chennai,9067.95,2025-11-26
C0171,Vivaan,Male,50.0,Chennai,10324.68,2025-02-23
C0172,Kavya,Male,33.0,Kolkata,740.52,2025-05-04
C0173,Sneha,Female,19.0,Pune,7925.35,2025-05-25
C0174,Diya,Male,34.0,Pune,3784.19,2025-05-01
C0175,Rohan,Female,22.0,Hyderabad,9855.01,2025-08-20
C0176,Rahul,Male,48.0,DELHI,,2025-04-26
C0177,Ananya,Female,,Hyderabad,10518.6,2025-02-03
C0178,Ananya,Male,27.0,bangalore,6107.66,2025-08-12
C0179,Aarav,Male,65.0,Chennai,14082.58,2025-07-07
C0180,Vivaan,Female,,mumbai,2494.05,2025-08-30
C0181,Vivaan,Male,25.0,bangalore,5445.46,2025-07-15
C0182,Ananya,Female,,Kolkata,2145.37,2025-06-30
C0183,Rahul,Male,29.0,Hyderabad,13908.06,2025-05-05
C0184,Ananya,Female,52.0,Chennai,13221.42,2025-11-16
C0185,Kavya,Female,37.0,Kolkata,4240.15,2025-10-11
C0186,Sneha,Male,19.0,bangalore,,2025-07-23
C0187,Aditya,Male,44.0,,12349.72,2025-09-12
C0188,Priya,Male,28.0,mumbai,8550.41,2025-06-06
C0189,Aarav,Female,38.0,bangalore,8179.93,2025-01-17
C0190,Rahul,Female,,mumbai,4006.86,2025-08-13
C0191,Vivaan,Male,56.0,Hyderabad,1849.99,2025-11-22
C0192,Kavya,Male,58.0,Hyderabad,13509.63,2025-09-13
C0193,Priya,Male,18.0,,13556.06,2025-12-15
C0194,Ananya,Male,22.0,Pune,9679.97,2025-02-10
C0195,Vivaan,Female,47.0,Kolkata,5415.93,2025-03-08
C0196,Priya,Female,40.0,Chennai,5563.54,2025-05-04
C0197,Aarav,Male,38.0,Hyderabad,100000.0,2025-04-28
C0198,Priya,Male,36.0,Hyderabad,13508.1,2025-02-05
C0199,Rohan,Male,23.0,DELHI,13362.75,2025-04-17
C0200,Sneha,Male,20.0,bangalore,11808.2,2025-08-12
C0201,Aarav,Female,65.0,Chennai,9809.46,2025-04-06
C0202,Sneha,Female,26.0,Hyderabad,1720.03,2025-12-27
C0203,Kavya,Male,20.0,Chennai,2843.62,2025-12-20
C0204,Priya,Male,59.0,Chennai,13529.04,2025-04-21
C0205,Rohan,Male,62.0,Pune,9293.22,2025-05-18
C0206,Diya,Female,23.0,Pune,633.36,2025-05-04
C0207,Vivaan,Male,48.0,Chennai,1971.34,2025-06-09
C0208,Rohan,Female,19.0,Hyderabad,10120.78,2025-09-19
C0209,Kavya,Female,19.0,Chennai,573.39,2025-11-07
C0210,Diya,Male,48.0,mumbai,2831.72,2025-05-21
C0211,Sneha,Female,24.0,Kolkata,,2025-06-07
C0212,Aditya,Female,44.0,Hyderabad,10532.48,2025-04-06
C0213,Rohan,Female,31.0,Hyderabad,9953.44,2025-05-09
C0214,Aditya,Female,57.0,Chennai,3751.9,2025-04-20
C0215,Rahul,Male,36.0,DELHI,10826.6,2025-01-10
C0216,Diya,Female,42.0,Kolkata,3940.11,2025-11-18
C0217,Vivaan,Male,42.0,DELHI,5218.3,2025-11-14
C0218,Rahul,Female,44.0,Pune,11324.13,2025-11-15
C0219,Sneha,Male,31.0,Chennai,9919.68,2025-06-07
C0220,Rohan,Female,30.0,Chennai,,2025-03-23
C0221,Priya,Female,25.0,bangalore,10035.39,2025-03-22
C0222,Rahul,Female,50.0,Kolkata,8740.47,2025-09-13
C0223,Sneha,Female,41.0,DELHI,1858.28,2025-06-17
C0224,Aarav,Female,55.0,DELHI,5831.88,2025-05-06
C0225,Aditya,Female,27.0,mumbai,4345.43,2025-10-09
C0226,Diya,Female,21.0,Kolkata,4037.85,2025-10-14
C0227,Sneha,Male,20.0,Hyderabad,14608.65,2025-06-09
C0228,Aarav,Female,46.0,DELHI,6199.92,2025-02-27
C0229,Priya,Female,23.0,mumbai,13434.68,2025-07-11
C0230,Vivaan,Male,,Kolkata,9651.51,2025-02-04
C0231,Kavya,Female,29.0,Kolkata,12024.76,2025-03-06
C0232,Sneha,Male,47.0,Kolkata,7788.24,2025-04-06
C0233,Ananya,Female,21.0,Pune,8865.11,2025-03-13
C0234,Ananya,Male,34.0,DELHI,7641.51,2025-01-22
C0235,Sneha,Male,48.0,Kolkata,3331.02,2025-08-15
C0236,Priya,Male,52.0,bangalore,10975.56,2025-06-10
C0237,Rahul,Male,43.0,Kolkata,4571.2,2025-11-17
C0238,Sneha,Female,40.0,Hyderabad,852.58,2025-08-11
C0239,Rohan,Female,32.0,bangalore,9859.35,2025-08-27
C0240,Ananya,Female,18.0,Pune,3068.1,2025-09-30
C0241,Rohan,Male,21.0,Kolkata,14136.65,2025-01-12
C0242,Kavya,Male,44.0,mumbai,14331.96,2025-05-28
C0243,Rahul,Male,63.0,Chennai,13765.53,2025-08-23
C0244,Rohan,Male,,,,2025-01-04
C0245,Priya,Female,39.0,Hyderabad,724.12,2025-01-17
C0246,Ananya,Male,57.0,DELHI,13960.62,2025-01-20
C0247,Kavya,Male,20.0,DELHI,6708.67,2025-04-24
C0248,Diya,Female,47.0,Hyderabad,14516.49,2025-06-25
C0249,Rahul,Male,44.0,Kolkata,14472.49,2025-06-14
C0250,Aditya,Male,59.0,Hyderabad,12868.64,2025-10-20
C0251,Sneha,Male,53.0,Hyderabad,4769.51,2025-07-21
C0252,Rohan,Female,,bangalore,6083.92,2025-03-15
C0253,Aarav,Male,35.0,Pune,,2025-02-21
C0254,Rohan,Female,26.0,Pune,5095.37,2025-01-06
C0255,Sneha,Male,,Kolkata,2957.64,2025-01-09
C0256,Rahul,Female,,bangalore,8573.62,2025-10-01
C0257,Aditya,Male,25.0,,14074.24,2025-06-27
C0258,Ananya,Female,44.0,,10592.43,2025-01-28
C0259,Sneha,Male,44.0,Hyderabad,8765.89,2025-05-13
C0260,Ananya,Male,,Hyderabad,1909.06,2025-05-06
C0261,Rohan,Male,25.0,Chennai,9417.6,2025-07-06
C0262,Vivaan,Female,60.0,Chennai,14855.78,2025-06-22
C0263,Aarav,Female,32.0,Chennai,2531.22,2025-02-08
C0264,Vivaan,Female,59.0,mumbai,8015.78,2025-01-04
C0265,Diya,Male,58.0,bangalore,13221.91,2025-06-04
C0266,Rahul,Female,50.0,Hyderabad,11241.14,2025-10-23
C0267,Vivaan,Male,64.0,DELHI,10606.73,2025-06-19
C0268,Priya,Female,32.0,mumbai,10686.02,2025-04-23
C0269,Kavya,Male,54.0,Hyderabad,5712.62,2025-09-05
C0270,Diya,Male,27.0,Kolkata,4757.08,2025-09-16
C0271,Aarav,Male,27.0,Chennai,12235.74,2025-09-13
C0272,Rohan,Male,21.0,bangalore,12246.64,2025-10-23
C0273,Priya,Female,62.0,DELHI,13072.55,2025-03-14
C0274,Priya,Female,47.0,mumbai,13741.99,2025-04-30
C0275,Sneha,Female,63.0,mumbai,7914.46,2025-02-25
C0276,Diya,Male,20.0,,7771.99,2025-10-23
C0277,Aarav,Female,28.0,mumbai,12075.28,2025-10-18
C0278,Rahul,Female,27.0,mumbai,9924.48,2025-01-09
C0279,Rohan,Female,27.0,Kolkata,10678.52,2025-11-13
C0280,Ananya,Female,,Pune,12038.99,2025-08-03
C0281,Vivaan,Male,19.0,mumbai,13405.08,2025-06-18
C0282,Priya,Male,50.0,Hyderabad,5400.93,2025-06-26
C0283,Sneha,Male,,Pune,5945.95,2025-05-08
C0284,Aditya,Female,43.0,Hyderabad,1862.74,2025-12-07
C0285,Rohan,Male,22.0,,8885.06,2025-03-23
C0286,Vivaan,Male,42.0,DELHI,1021.16,2025-02-28
C0287,Rahul,Male,28.0,bangalore,7251.17,2025-01-21
C0288,Kavya,Male,59.0,DELHI,8368.35,2025-05-05
C0289,Aarav,Male,33.0,bangalore,,2025-11-26
C0290,Rohan,Male,47.0,,9067.08,2025-06-29
C0291,Aditya,Female,26.0,mumbai,942.25,2025-03-03
C0292,Priya,Male,48.0,Hyderabad,1041.55,2025-03-29
C0293,Priya,Female,50.0,DELHI,12427.71,2025-10-19
C0294,Priya,Female,46.0,Hyderabad,5722.76,2025-11-24
C0295,Rahul,Male,29.0,Pune,2342.38,2025-02-08
C0296,Ananya,Male,61.0,,8072.53,2025-09-14
C0297,Priya,Female,61.0,Chennai,11664.91,2025-01-29
C0298,Rohan,Female,30.0,,3629.4,2025-05-12
C0299,Vivaan,Female,62.0,Kolkata,9531.91,2025-10-29
C0300,Ananya,Male,18.0,Hyderabad,1737.54,2025-02-14
C0301,Priya,Male,40.0,mumbai,1249.38,2025-01-18
C0302,Aditya,Male,52.0,Chennai,8204.64,2025-09-26
C0303,Rohan,Male,63.0,Pune,8339.21,2025-02-15
C0304,Priya,Female,57.0,mumbai,9742.73,2025-08-17
C0305,Kavya,Female,59.0,DELHI,11028.32,2025-09-30
C0306,Ananya,Female,36.0,Pune,14649.86,2025-02-15
C0307,Ananya,Male,32.0,DELHI,7986.36,2025-03-28
C0308,Rahul,Female,20.0,Pune,5182.87,2025-10-25
C0309,Rohan,Male,46.0,Kolkata,12030.2,2025-04-16
C0310,Aditya,Female,49.0,Kolkata,4427.07,2025-05-21
C0311,Rahul,Female,34.0,Pune,6865.09,2025-09-11
C0312,Vivaan,Male,64.0,bangalore,1637.62,2025-05-07
C0313,Aditya,Female,61.0,bangalore,867.59,2025-11-21
C0314,Diya,Male,53.0,Pune,14458.4,2025-11-21
C0315,Ananya,Female,,bangalore,12621.71,2025-06-26
C0316,Sneha,Male,30.0,Kolkata,10591.63,2025-10-06
C0317,Rahul,Male,58.0,,6429.82,2025-01-24
C0318,Aditya,Male,28.0,Kolkata,3012.77,2025-11-10
C0319,Rohan,Male,60.0,DELHI,2768.34,2025-03-18
C0320,Aditya,Female,50.0,Hyderabad,4128.52,2025-08-11
C0321,Priya,Female,49.0,Pune,8463.79,2025-02-16
C0322,Aditya,Male,40.0,bangalore,10861.64,2025-06-23
C0323,Aarav,Female,45.0,mumbai,10072.86,2025-07-26
C0324,Kavya,Male,60.0,DELHI,4559.04,2025-10-19
C0325,Priya,Male,34.0,Chennai,14345.55,2025-03-22
C0326,Rahul,Female,41.0,Pune,11199.51,2025-10-26
C0327,Diya,Male,40.0,Pune,8538.13,2025-12-01
C0328,Rohan,Male,24.0,Kolkata,9369.95,2025-07-08
C0329,Aditya,Female,25.0,DELHI,6584.2,2025-09-26
C0330,Aditya,Male,33.0,Kolkata,4092.1,2025-11-11
C0331,Aarav,Female,52.0,bangalore,5661.6,2025-04-27
C0332,Rohan,Female,20.0,mumbai,11488.77,2025-08-13
C0333,Rahul,Male,26.0,Chennai,708.71,2025-01-03
C0334,Kavya,Male,47.0,Pune,2183.05,2025-08-25
C0335,Aditya,Female,40.0,,1167.04,2025-02-21
C0336,Aarav,Male,24.0,Chennai,1090.57,2025-11-16
C0337,Aarav,Male,23.0,bangalore,12904.18,2025-02-04
C0338,Vivaan,Female,27.0,bangalore,10703.04,2025-01-21
C0339,Sneha,Female,58.0,Pune,7375.52,2025-03-04
C0340,Vivaan,Male,61.0,Kolkata,1918.6,2025-10-20
C0341,Kavya,Female,62.0,Kolkata,7628.43,2025-01-05
C0342,Ananya,Male,,Hyderabad,7365.34,2025-05-29
C0343,Rohan,Female,23.0,Chennai,3011.43,2025-06-15
C0344,Aditya,Female,36.0,bangalore,6790.85,2025-10-24
C0345,Aarav,Female,51.0,Kolkata,6278.32,2025-07-20
C0346,Ananya,Male,59.0,DELHI,9429.83,2025-02-24
C0347,Rohan,Female,61.0,Pune,,2025-12-08
C0348,Rohan,Male,39.0,bangalore,1156.91,2025-08-25
C0349,Aarav,Female,65.0,Chennai,5931.88,2025-03-03
C0350,Sneha,Male,43.0,Hyderabad,9574.97,2025-12-01
C0351,Priya,Male,56.0,Chennai,7795.48,2025-06-13
C0352,Aarav,Female,65.0,mumbai,12919.1,2025-04-10
C0353,Aarav,Female,20.0,Hyderabad,10051.06,2025-02-02
C0354,Diya,Male,65.0,mumbai,2862.55,2025-01-26
C0355,Priya,Male,29.0,Pune,1523.25,2025-09-28
C0356,Diya,Male,48.0,Hyderabad,9815.08,2025-08-22
C0357,Aditya,Male,64.0,DELHI,884.41,2025-08-20
C0358,Aarav,Male,44.0,Pune,8993.75,2025-09-28
C0359,Kavya,Female,48.0,Chennai,14133.34,2025-12-20
C0360,Diya,Male,38.0,Chennai,8844.38,2025-09-27
C0361,Diya,Female,19.0,Hyderabad,6128.46,2025-10-10
C0362,Aditya,Male,31.0,Chennai,9827.68,2025-04-24
C0363,Kavya,Male,50.0,Hyderabad,7144.67,2025-03-24
C0364,Aarav,Male,22.0,Pune,8411.44,2025-12-09
C0365,Kavya,Male,64.0,DELHI,14151.24,2025-07-24
C0366,Vivaan,Female,47.0,bangalore,6098.49,2025-05-23
C0367,Sneha,Female,63.0,Hyderabad,14437.26,2025-04-15
C0368,Aarav,Male,31.0,Hyderabad,,2025-11-12
C0369,Sneha,Female,26.0,bangalore,3338.97,2025-05-22
C0370,Aarav,Male,43.0,DELHI,1505.74,2025-11-03
C0371,Aditya,Female,57.0,Kolkata,1961.28,2025-09-29
C0372,Aditya,Female,46.0,Pune,764.22,2025-01-02
C0373,Rohan,Female,,Pune,1869.42,2025-08-06
C0374,Rohan,Male,51.0,Kolkata,10403.6,2025-06-08
C0375,Kavya,Male,38.0,Pune,1532.24,2025-09-24
C0376,Sneha,Male,38.0,DELHI,5125.15,2025-06-05
C0377,Rohan,Male,59.0,Hyderabad,12750.69,2025-03-08
C0378,Rahul,Female,44.0,mumbai,837.44,2025-02-25
C0379,Aarav,Female,44.0,Kolkata,12309.79,2025-09-30
C0380,Rohan,Female,18.0,bangalore,4586.89,2025-04-15
C0381,Priya,Female,53.0,Kolkata,2213.39,2025-10-01
C0382,Aditya,Female,35.0,DELHI,10602.69,2025-09-25
C0383,Rahul,Male,26.0,Chennai,9619.67,2025-02-05
C0384,Priya,Male,,Kolkata,13223.34,2025-06-11
C0385,Ananya,Female,48.0,Pune,11158.53,2025-08-01
C0386,Diya,Female,24.0,Kolkata,12150.47,2025-07-21
C0387,Diya,Male,55.0,Chennai,4589.5,2025-08-21
C0388,Rahul,Female,27.0,bangalore,3072.87,2025-08-05
C0389,Vivaan,Female,57.0,Hyderabad,11383.91,2025-03-02
C0390,Vivaan,Female,19.0,DELHI,12199.1,2025-06-09
C0391,Diya,Male,49.0,Hyderabad,14862.32,2025-07-19
C0392,Sneha,Female,31.0,mumbai,,2025-10-27
C0393,Rohan,Female,57.0,Hyderabad,5894.26,2025-07-25
C0394,Rahul,Male,63.0,DELHI,11757.99,2025-10-07
C0395,Rohan,Male,45.0,Hyderabad,5441.65,2025-06-18
C0396,Aditya,Female,48.0,bangalore,13995.98,2025-06-03
C0397,Vivaan,Female,51.0,bangalore,12946.98,2025-08-23
C0398,Diya,Male,51.0,Hyderabad,6720.41,2025-12-31
C0399,Ananya,Male,65.0,DELHI,11387.63,2025-12-27
C0400,Sneha,Male,46.0,mumbai,11440.87,2025-07-12
C0401,Sneha,Male,51.0,DELHI,1995.3,2025-02-07
C0402,Rahul,Female,61.0,DELHI,13587.02,2025-06-08
C0403,Aarav,Female,58.0,Pune,7826.16,2025-09-28
C0404,Kavya,Male,61.0,,12483.63,2025-09-27
C0405,Rohan,Male,,Chennai,5140.72,2025-06-07
C0406,Rahul,Female,63.0,DELHI,,2025-06-09
C0407,Rahul,Female,34.0,Chennai,6143.42,2025-07-08
C0408,Rahul,Female,18.0,DELHI,657.15,2025-02-24
C0409,Rahul,Female,53.0,bangalore,13628.04,2025-08-21
C0410,Rahul,Female,49.0,,1823.66,2025-01-24
C0411,Rahul,Female,48.0,bangalore,5130.05,2025-10-21
C0412,Aditya,Female,24.0,bangalore,14275.9,2025-02-08
C0413,Vivaan,Male,27.0,Kolkata,,2025-09-30
C0414,Rahul,Male,59.0,mumbai,8814.85,2025-12-15
C0415,Vivaan,Male,43.0,Pune,9661.64,2025-10-03
C0416,Diya,Male,22.0,Kolkata,7002.46,2025-09-17
C0417,Ananya,Male,25.0,Pune,4751.56,2025-05-23
C0418,Rohan,Male,44.0,Hyderabad,,2025-01-20
C0419,Priya,Male,54.0,Chennai,10251.52,2025-05-23
C0420,Vivaan,Female,28.0,mumbai,,2025-09-29
C0421,Ananya,Female,36.0,Chennai,100000.0,2025-04-11
C0422,Aarav,Female,25.0,DELHI,100000.0,2025-08-23
C0423,Diya,Female,57.0,Pune,1822.49,2025-07-02
C0424,Kavya,Male,56.0,DELHI,7669.09,2025-04-09
C0425,Rahul,Male,48.0,Chennai,1334.6,2025-11-25
C0426,Ananya,Female,50.0,Chennai,,2025-05-11
C0427,Sneha,Female,52.0,Pune,6902.19,2025-01-20
C0428,Aarav,Male,58.0,mumbai,13371.71,2025-10-25
C0429,Rahul,Female,23.0,Kolkata,5588.27,2025-06-08
C0430,Sneha,Female,18.0,Hyderabad,2197.47,2025-08-01
C0431,Diya,Male,31.0,,2573.38,2025-06-19
C0432,Sneha,Female,31.0,bangalore,11541.9,2025-10-13
C0433,Aarav,Male,18.0,,,2025-11-29
C0434,Aditya,Female,47.0,,1966.28,2025-12-25
C0435,Kavya,Female,46.0,DELHI,1719.55,2025-10-31
C0436,Vivaan,Female,,Hyderabad,,2025-05-21
C0437,Sneha,Female,61.0,DELHI,1555.06,2025-03-23
C0438,Kavya,Female,62.0,,12416.97,2025-03-24
C0439,Ananya,Female,,,10740.51,2025-06-05
C0440,Vivaan,Female,63.0,Kolkata,1679.56,2025-03-03
C0441,Vivaan,Female,18.0,mumbai,1730.15,2025-09-13
C0442,Diya,Female,27.0,Chennai,14806.27,2025-10-22
C0443,Rohan,Female,57.0,Kolkata,5926.93,2025-08-09
C0444,Kavya,Female,18.0,,5874.31,2025-12-15
C0445,Vivaan,Male,32.0,Kolkata,12285.59,2025-11-16
C0446,Sneha,Male,33.0,Pune,14235.1,2025-11-06
C0447,Rohan,Male,56.0,Pune,14797.02,2025-12-13
C0448,Sneha,Female,28.0,mumbai,11423.98,2025-05-18
C0449,Rahul,Female,52.0,Kolkata,5955.76,2025-12-15
C0450,Priya,Female,26.0,Chennai,1710.76,2025-03-10
C0451,Aditya,Female,61.0,Chennai,11768.63,2025-03-26
C0452,Priya,Male,38.0,Kolkata,8596.86,2025-09-22
C0453,Kavya,Male,61.0,Pune,6651.22,2025-11-27
C0454,Kavya,Female,46.0,Hyderabad,13642.14,2025-02-15
C0455,Sneha,Male,35.0,Kolkata,2112.36,2025-06-24
C0456,Kavya,Female,45.0,Kolkata,7643.06,2025-05-08
C0457,Rahul,Male,57.0,Chennai,664.63,2025-09-02
C0458,Priya,Female,31.0,Kolkata,7295.58,2025-04-27
C0459,Aarav,Female,32.0,Pune,1316.4,2025-10-28
C0460,Vivaan,Male,58.0,DELHI,,2025-01-20
C0461,Rahul,Male,49.0,Chennai,2204.13,2025-02-13
C0462,Priya,Male,43.0,Kolkata,9913.55,2025-01-13
C0463,Vivaan,Male,61.0,bangalore,11317.65,2025-12-17
C0464,Priya,Female,49.0,Kolkata,8958.85,2025-04-15
C0465,Kavya,Female,,Chennai,14451.5,2025-07-06
C0466,Diya,Female,58.0,mumbai,5935.62,2025-08-02
C0467,Rahul,Female,64.0,Chennai,,2025-11-22
C0468,Aarav,Female,29.0,Pune,13094.69,2025-09-05
C0469,Sneha,Female,51.0,Chennai,3742.14,2025-03-29
C0470,Priya,Female,,bangalore,,2025-09-25
C0471,Aarav,Male,,Pune,676.24,2025-10-15
C0472,Priya,Female,43.0,Chennai,14563.24,2025-10-11
C0473,Kavya,Female,52.0,mumbai,1125.82,2025-06-28
C0474,Aarav,Male,23.0,Pune,13421.58,2025-03-13
C0475,Kavya,Male,57.0,mumbai,8151.67,2025-01-09
C0476,Priya,Female,63.0,Kolkata,14897.99,2025-12-05
C0477,Vivaan,Female,20.0,Kolkata,1570.05,2025-07-23
C0478,Kavya,Male,47.0,Hyderabad,8530.89,2025-08-28
C0479,Aarav,Female,56.0,Pune,14554.89,2025-01-25
C0480,Aarav,Male,46.0,DELHI,8084.92,2025-07-31
C0481,Aditya,Female,34.0,Kolkata,9626.28,2025-03-10
C0482,Kavya,Female,24.0,bangalore,10588.36,2025-07-24
C0483,Kavya,Male,52.0,Chennai,7090.85,2025-12-22
C0484,Rahul,Male,51.0,Hyderabad,9599.59,2025-05-27
C0485,Aarav,Male,49.0,Hyderabad,8972.56,2025-04-02
C0486,Sneha,Male,63.0,Hyderabad,13566.79,2025-02-01
C0487,Aditya,Male,21.0,,1158.97,2025-02-01
C0488,Vivaan,Male,35.0,bangalore,4573.97,2025-01-28
C0489,Priya,Female,57.0,Kolkata,14280.97,2025-09-06
C0490,Ananya,Female,50.0,mumbai,13408.82,2025-04-22
C0491,Rahul,Female,,Hyderabad,7107.02,2025-05-04
C0492,Kavya,Male,57.0,Chennai,9491.92,2025-05-22
C0493,Ananya,Female,26.0,bangalore,4522.03,2025-03-03
C0494,Kavya,Female,,bangalore,3227.76,2025-01-04
C0495,Kavya,Female,48.0,DELHI,7223.63,2025-05-12
C0496,Priya,Male,18.0,mumbai,5623.61,2025-12-05
C0497,Diya,Male,61.0,Hyderabad,8963.01,2025-06-23
C0498,Vivaan,Male,56.0,Chennai,1627.15,2025-09-15
C0499,Diya,Male,58.0,Hyderabad,14628.72,2025-03-14
C0500,Rahul,Female,30.0,mumbai,14800.06,2025-12-24
C0501,Diya,Female,50.0,mumbai,10623.34,2025-11-04
C0502,Sneha,Female,30.0,Kolkata,8273.4,2025-09-11
C0503,Aarav,Female,36.0,DELHI,4988.15,2025-03-03
C0504,Kavya,Male,25.0,Pune,12300.03,2025-06-13
C0505,Aarav,Female,22.0,Hyderabad,10428.6,2025-04-02
C0506,Aditya,Female,39.0,Kolkata,2857.95,2025-12-05
C0507,Ananya,Male,61.0,DELHI,13708.44,2025-10-25
C0508,Sneha,Female,33.0,mumbai,12426.79,2025-04-30
C0509,Sneha,Female,56.0,bangalore,14272.1,2025-12-20
C0510,Rohan,Female,63.0,DELHI,,2025-04-18
C0511,Rohan,Male,36.0,bangalore,9394.52,2025-10-15
C0512,Vivaan,Male,42.0,,6564.52,2025-01-06
C0513,Sneha,Male,51.0,,14024.56,2025-03-23
C0514,Sneha,Male,,bangalore,13057.93,2025-03-13
C0515,Ananya,Female,21.0,Hyderabad,1155.67,2025-04-30
C0516,Priya,Male,52.0,bangalore,882.32,2025-08-25
C0517,Rahul,Female,55.0,Kolkata,5958.72,2025-01-14
C0518,Priya,Male,46.0,mumbai,12253.02,2025-01-07
C0519,Ananya,Female,41.0,DELHI,100000.0,2025-11-11
C0520,Rohan,Male,30.0,Pune,2681.04,2025-10-30
C0521,Priya,Male,44.0,,9114.9,2025-07-12
C0522,Aarav,Female,49.0,bangalore,6022.92,2025-06-19
C0523,Aditya,Male,55.0,Pune,14563.76,2025-09-16
C0524,Priya,Male,53.0,Kolkata,12710.72,2025-02-11
C0525,Sneha,Male,48.0,Chennai,12655.77,2025-03-23
C0526,Vivaan,Female,62.0,Pune,7296.05,2025-10-05
C0527,Rohan,Female,22.0,,6514.88,2025-09-26
C0528,Aarav,Male,31.0,DELHI,4464.4,2025-03-22
C0529,Sneha,Female,51.0,Pune,1317.44,2025-06-20
C0530,Priya,Male,42.0,Kolkata,13038.47,2025-09-05
C0531,Ananya,Male,41.0,mumbai,,2025-05-17
C0532,Vivaan,Male,48.0,Kolkata,14995.91,2025-11-14
C0533,Ananya,Male,30.0,Kolkata,14951.23,2025-12-23
C0534,Aditya,Male,49.0,Hyderabad,8553.76,2025-12-16
C0535,Kavya,Male,52.0,Hyderabad,11650.32,2025-01-02
C0536,Rahul,Female,60.0,Hyderabad,14199.1,2025-07-22
C0537,Priya,Female,51.0,Hyderabad,12819.89,2025-07-30
C0538,Priya,Female,44.0,,4086.55,2025-06-22
C0539,Kavya,Male,46.0,DELHI,7032.89,2025-03-13
C0540,Diya,Male,22.0,Kolkata,2372.81,2025-11-13
C0541,Rohan,Female,41.0,Chennai,14333.74,2025-07-31
C0542,Aditya,Male,30.0,DELHI,9289.53,2025-01-02
C0543,Kavya,Female,64.0,Hyderabad,3815.32,2025-09-27
C0544,Rahul,Female,53.0,DELHI,10239.66,2025-05-18
C0545,Rahul,Female,,Chennai,9462.86,2025-04-25
C0546,Sneha,Male,21.0,Kolkata,5693.36,2025-06-07
C0547,Rohan,Male,59.0,bangalore,2146.59,2025-07-13
C0548,Ananya,Female,45.0,DELHI,10237.81,2025-04-10
C0549,Vivaan,Male,48.0,DELHI,8044.46,2025-05-15
C0550,Rahul,Female,64.0,DELHI,11698.62,2025-06-12
C0551,Sneha,Male,39.0,DELHI,8042.37,2025-03-03
C0552,Vivaan,Female,39.0,Hyderabad,12856.63,2025-09-13
C0553,Rahul,Male,23.0,Hyderabad,8502.65,2025-09-17
C0554,Vivaan,Female,24.0,mumbai,8633.6,2025-01-24
C0555,Sneha,Female,30.0,Chennai,13211.48,2025-03-28
C0556,Vivaan,Male,29.0,Pune,,2025-01-03
C0557,Ananya,Female,57.0,DELHI,2443.22,2025-10-29
C0558,Ananya,Male,29.0,bangalore,917.35,2025-11-07
C0559,Rohan,Female,36.0,bangalore,11449.49,2025-09-28
C0560,Ananya,Male,36.0,Chennai,9494.49,2025-11-06
C0561,Aditya,Male,32.0,Hyderabad,10709.16,2025-10-26
C0562,Priya,Female,24.0,bangalore,100000.0,2025-03-07
C0563,Sneha,Male,45.0,mumbai,2477.39,2025-02-05
C0564,Priya,Male,54.0,bangalore,710.9,2025-11-03
C0565,Aarav,Female,58.0,Pune,5583.52,2025-04-03
C0566,Rahul,Female,38.0,DELHI,9053.81,2025-12-14
C0567,Rahul,Male,57.0,,6187.54,2025-09-17
C0568,Ananya,Female,22.0,Hyderabad,6843.39,2025-08-21
C0569,Aditya,Female,24.0,DELHI,100000.0,2025-11-21
C0570,Ananya,Male,42.0,Chennai,5549.7,2025-09-23
C0571,Aditya,Female,35.0,DELHI,7952.85,2025-07-07
C0572,Diya,Female,24.0,mumbai,11862.97,2025-12-24
C0573,Diya,Male,35.0,Pune,6249.87,2025-01-08
C0574,Aarav,Female,57.0,Kolkata,9520.26,2025-05-10
C0575,Priya,Male,61.0,bangalore,13004.27,2025-12-07
C0576,Diya,Female,38.0,Hyderabad,14268.05,2025-12-20
C0577,Vivaan,Male,59.0,DELHI,2632.57,2025-07-08
C0578,Rahul,Female,,Hyderabad,13935.52,2025-09-16
C0579,Priya,Male,48.0,DELHI,7635.69,2025-06-22
C0580,Sneha,Female,22.0,Chennai,4244.54,2025-04-03
C0581,Priya,Male,29.0,Pune,7157.47,2025-07-02
C0582,Vivaan,Male,64.0,Pune,14710.47,2025-02-11
C0583,Rahul,Male,30.0,Chennai,7642.96,2025-12-23
C0584,Ananya,Female,30.0,bangalore,5266.9,2025-11-11
C0585,Priya,Female,58.0,Chennai,9684.31,2025-08-29
C0586,Kavya,Female,30.0,DELHI,3982.11,2025-02-03
C0587,Kavya,Female,19.0,Chennai,1600.02,2025-11-30
C0588,Diya,Female,53.0,bangalore,2368.76,2025-11-27
C0589,Vivaan,Male,43.0,Pune,2356.66,2025-11-23
C0590,Vivaan,Male,42.0,Hyderabad,2702.59,2025-03-21
C0591,Rohan,Male,26.0,DELHI,2512.99,2025-06-10
C0592,Diya,Male,43.0,bangalore,,2025-12-14
C0593,Aarav,Male,30.0,Chennai,3137.26,2025-02-19
C0594,Rahul,Male,23.0,Kolkata,5512.18,2025-10-30
C0595,Vivaan,Male,56.0,mumbai,13503.43,2025-11-10
C0596,Kavya,Male,50.0,DELHI,7372.44,2025-06-22
C0597,Aditya,Male,60.0,DELHI,10179.59,2025-06-29
C0598,Rohan,Female,51.0,DELHI,2998.64,2025-02-22
C0599,Priya,Female,20.0,bangalore,3288.19,2025-01-25
C0600,Ananya,Male,47.0,mumbai,1092.59,2025-07-29
C0601,Rahul,Male,65.0,Kolkata,,2025-10-09
C0602,Sneha,Female,51.0,Hyderabad,4539.56,2025-08-03
C0603,Rohan,Male,47.0,Kolkata,3066.65,2025-01-12
C0604,Sneha,Male,46.0,Pune,1786.19,2025-10-19
C0605,Aditya,Male,35.0,,2249.22,2025-11-23
C0606,Vivaan,Female,48.0,Hyderabad,7181.29,2025-01-17
C0607,Ananya,Male,62.0,Chennai,3491.84,2025-05-07
C0608,Rahul,Male,60.0,DELHI,5781.91,2025-01-11
C0609,Diya,Male,32.0,Pune,7799.55,2025-06-19
C0610,Priya,Female,23.0,Chennai,10510.73,2025-10-13
C0611,Ananya,Female,30.0,Pune,1070.03,2025-08-24
C0612,Ananya,Male,,DELHI,12091.45,2025-09-09
C0613,Ananya,Male,37.0,,9604.56,2025-01-24
C0614,Aditya,Female,25.0,bangalore,1685.51,2025-03-31
C0615,Rohan,Female,59.0,bangalore,13166.89,2025-07-11
C0616,Vivaan,Male,58.0,DELHI,13852.65,2025-09-10
C0617,Rahul,Female,64.0,Kolkata,1385.63,2025-02-17
C0618,Kavya,Female,31.0,mumbai,4514.73,2025-04-23
C0619,Diya,Female,32.0,Pune,12189.92,2025-02-09
C0620,Vivaan,Female,47.0,bangalore,11349.77,2025-12-03
C0621,Diya,Male,60.0,DELHI,3175.55,2025-01-06
C0622,Diya,Male,25.0,Kolkata,3535.57,2025-10-18
C0623,Sneha,Female,38.0,Pune,5871.85,2025-07-12
C0624,Aarav,Male,19.0,Kolkata,7525.58,2025-11-14
C0625,Rahul,Female,50.0,Chennai,9464.69,2025-01-16
C0626,Ananya,Male,42.0,Kolkata,5849.25,2025-12-31
C0627,Kavya,Female,26.0,Kolkata,7206.75,2025-09-30
C0628,Vivaan,Female,,DELHI,11338.33,2025-03-22
C0629,Aditya,Male,29.0,Kolkata,1031.91,2025-03-05
C0630,Ananya,Female,39.0,bangalore,4160.34,2025-03-06
C0631,Rohan,Male,27.0,bangalore,10843.57,2025-06-18
C0632,Rahul,Male,39.0,Pune,13480.5,2025-12-04
C0633,Priya,Female,57.0,bangalore,7919.32,2025-04-22
C0634,Sneha,Female,43.0,Hyderabad,8215.65,2025-09-16
C0635,Vivaan,Male,38.0,,2053.99,2025-10-29
C0636,Priya,Male,58.0,mumbai,6987.48,2025-10-19
C0637,Rahul,Male,56.0,Hyderabad,8222.95,2025-09-24
C0638,Rohan,Female,51.0,mumbai,4015.82,2025-03-18
C0639,Ananya,Male,51.0,Chennai,4404.03,2025-09-13
C0640,Priya,Male,60.0,Pune,5970.62,2025-11-23
C0641,Rahul,Female,,mumbai,791.03,2025-04-17
C0642,Ananya,Male,52.0,DELHI,5170.15,2025-08-16
C0643,Sneha,Male,18.0,Hyderabad,3566.0,2025-01-16
C0644,Kavya,Female,37.0,,5248.71,2025-04-25
C0645,Priya,Male,37.0,bangalore,2236.55,2025-02-16
C0646,Vivaan,Female,36.0,Hyderabad,13412.65,2025-07-20
C0647,Ananya,Male,27.0,Hyderabad,9107.09,2025-12-23
C0648,Kavya,Female,57.0,mumbai,10346.98,2025-09-29
C0649,Sneha,Female,60.0,DELHI,,2025-12-28
C0650,Kavya,Female,55.0,Hyderabad,7727.41,2025-06-05
C0651,Priya,Male,18.0,Kolkata,1760.34,2025-07-21
C0652,Aditya,Female,30.0,DELHI,8288.04,2025-05-09
C0653,Aarav,Male,42.0,,9009.2,2025-03-08
C0654,Kavya,Male,18.0,mumbai,100000.0,2025-09-24
C0655,Ananya,Male,21.0,DELHI,6759.06,2025-07-09
C0656,Aditya,Male,36.0,Pune,2349.91,2025-03-27
C0657,Kavya,Female,59.0,Kolkata,4614.75,2025-07-08
C0658,Priya,Male,57.0,Hyderabad,5764.69,2025-05-31
C0659,Priya,Female,48.0,DELHI,9865.8,2025-07-23
C0660,Priya,Female,62.0,Kolkata,8776.29,2025-07-29
C0661,Ananya,Male,54.0,Chennai,5663.4,2025-06-04
C0662,Priya,Male,53.0,Pune,14804.47,2025-07-08
C0663,Rahul,Female,28.0,Chennai,9283.73,2025-08-05
C0664,Priya,Female,,bangalore,3939.79,2025-11-06
C0665,Sneha,Female,62.0,Pune,1975.85,2025-07-30
C0666,Rahul,Male,64.0,DELHI,2716.46,2025-12-01
C0667,Ananya,Female,48.0,DELHI,4066.39,2025-01-17
C0668,Ananya,Female,53.0,mumbai,2829.88,2025-07-21
C0669,Rahul,Male,18.0,mumbai,3205.22,2025-08-01
C0670,Rohan,Female,29.0,Chennai,4633.88,2025-12-08
C0671,Ananya,Male,20.0,Chennai,3013.92,2025-01-17
C0672,Rohan,Male,51.0,bangalore,13503.1,2025-03-24
C0673,Vivaan,Female,,bangalore,,2025-01-04
C0674,Kavya,Male,47.0,mumbai,8105.42,2025-07-02
C0675,Ananya,Female,18.0,mumbai,6450.75,2025-01-27
C0676,Kavya,Female,29.0,DELHI,14744.49,2025-01-01
C0677,Aarav,Male,23.0,bangalore,2124.56,2025-06-06
C0678,Sneha,Female,,Kolkata,6268.91,2025-07-16
C0679,Aarav,Male,57.0,mumbai,14557.32,2025-06-12
C0680,Vivaan,Male,,bangalore,13049.85,2025-04-15
C0681,Priya,Female,22.0,bangalore,12347.55,2025-11-13
C0682,Aarav,Male,62.0,mumbai,4239.59,2025-03-07
C0683,Rohan,Female,40.0,bangalore,2977.87,2025-02-23
C0684,Diya,Male,38.0,Chennai,10195.33,2025-10-11
C0685,Kavya,Male,39.0,bangalore,13975.95,2025-02-21
C0686,Diya,Female,29.0,Pune,,2025-09-22
C0687,Rahul,Male,,Pune,8788.38,2025-12-12
C0688,Diya,Male,35.0,Pune,4559.7,2025-05-22
C0689,Priya,Female,49.0,bangalore,11657.65,2025-03-14
C0690,Rahul,Female,37.0,Chennai,3212.13,2025-05-19
C0691,Vivaan,Male,51.0,DELHI,5193.35,2025-08-31
C0692,Priya,Female,58.0,Pune,6668.83,2025-12-15
C0693,Ananya,Female,28.0,Hyderabad,7860.35,2025-05-16
C0694,Sneha,Male,45.0,bangalore,4014.94,2025-09-14
C0695,Kavya,Male,,Chennai,2165.13,2025-08-23
C0696,Rahul,Male,38.0,DELHI,9353.99,2025-08-18
C0697,Rohan,Male,38.0,Pune,4685.14,2025-02-21
C0698,Rahul,Male,28.0,DELHI,8927.95,2025-02-18
C0699,Rahul,Female,32.0,DELHI,2738.26,2025-11-12
C0700,Aditya,Female,44.0,Hyderabad,7476.53,2025-06-04
C0701,Rahul,Female,25.0,bangalore,8222.55,2025-03-19
C0702,Vivaan,Female,27.0,Hyderabad,1251.44,2025-03-11
C0703,Aditya,Female,26.0,mumbai,5380.76,2025-10-05
C0704,Sneha,Male,30.0,,2449.01,2025-04-19
C0705,Aarav,Female,51.0,,1418.94,2025-08-27
C0706,Diya,Female,63.0,Chennai,14854.42,2025-04-23
C0707,Aarav,Female,29.0,Kolkata,5174.13,2025-11-16
C0708,Priya,Male,22.0,Kolkata,12243.18,2025-06-02
C0709,Aditya,Male,34.0,bangalore,4192.29,2025-02-19
C0710,Sneha,Male,58.0,Hyderabad,10381.79,2025-06-16
C0711,Rohan,Male,39.0,Hyderabad,11523.3,2025-03-09
C0712,Rohan,Male,27.0,,9136.76,2025-06-08
C0713,Kavya,Female,19.0,Pune,7337.85,2025-12-26
C0714,Kavya,Male,62.0,Hyderabad,6471.69,2025-10-04
C0715,Aarav,Male,31.0,Pune,5558.59,2025-11-24
C0716,Ananya,Male,39.0,Chennai,13978.17,2025-01-11
C0717,Aarav,Male,26.0,bangalore,12543.98,2025-06-04
C0718,Diya,Male,42.0,Chennai,14492.89,2025-06-09
C0719,Rahul,Female,35.0,Chennai,2302.31,2025-08-01
C0720,Aditya,Female,33.0,Hyderabad,11097.58,2025-01-29
C0721,Aditya,Male,19.0,,14105.94,2025-07-08
C0722,Rohan,Male,33.0,Kolkata,100000.0,2025-06-30
C0723,Aarav,Male,28.0,DELHI,1464.2,2025-07-23
C0724,Rohan,Female,50.0,mumbai,11246.25,2025-12-12
C0725,Aarav,Male,42.0,Pune,8829.86,2025-06-08
C0726,Vivaan,Female,32.0,Kolkata,12706.52,2025-04-02
C0727,Rohan,Male,37.0,Hyderabad,2526.7,2025-02-26
C0728,Aditya,Male,56.0,Chennai,12031.38,2025-03-24
C0729,Ananya,Male,25.0,bangalore,3423.6,2025-09-08
C0730,Rahul,Female,18.0,mumbai,2873.01,2025-02-02
C0731,Kavya,Male,42.0,DELHI,2881.85,2025-04-29
C0732,Ananya,Male,48.0,Hyderabad,12311.33,2025-07-28
C0733,Rahul,Female,21.0,mumbai,10145.36,2025-10-19
C0734,Aditya,Male,19.0,DELHI,8084.45,2025-12-26
C0735,Kavya,Male,45.0,Kolkata,5703.04,2025-01-04
C0736,Vivaan,Male,63.0,Kolkata,13219.41,2025-12-17
C0737,Vivaan,Female,52.0,mumbai,6190.45,2025-02-09
C0738,Aarav,Male,20.0,Hyderabad,12340.69,2025-03-25
C0739,Priya,Female,20.0,Pune,6867.46,2025-03-06
C0740,Vivaan,Female,29.0,DELHI,,2025-05-18
C0741,Vivaan,Female,39.0,bangalore,,2025-11-29
C0742,Diya,Female,61.0,bangalore,4869.98,2025-10-19
C0743,Aditya,Female,26.0,Kolkata,11340.34,2025-01-21
C0744,Vivaan,Male,25.0,Hyderabad,7789.45,2025-01-24
C0745,Sneha,Female,53.0,mumbai,3867.08,2025-11-12
C0746,Rahul,Female,24.0,,13543.83,2025-01-10
C0747,Vivaan,Male,28.0,bangalore,6066.42,2025-11-20
C0748,Kavya,Female,41.0,bangalore,8381.52,2025-05-23
C0749,Rohan,Female,59.0,Hyderabad,13643.85,2025-07-16
C0750,Rahul,Female,30.0,mumbai,9551.45,2025-12-16
C0751,Rahul,Male,36.0,Pune,2195.02,2025-02-03
C0752,Kavya,Male,,mumbai,14127.57,2025-05-07
C0753,Aarav,Male,54.0,Hyderabad,9601.77,2025-07-19
C0754,Kavya,Male,18.0,Pune,5356.13,2025-11-26
C0755,Vivaan,Female,19.0,Kolkata,2519.45,2025-03-03
C0756,Rahul,Female,25.0,Pune,12013.37,2025-10-29
C0757,Aarav,Male,,Kolkata,9491.05,2025-02-02
C0758,Sneha,Female,18.0,Kolkata,8235.19,2025-05-12
C0759,Rahul,Female,42.0,Chennai,13461.44,2025-09-08
C0760,Aarav,Male,48.0,Kolkata,11934.66,2025-04-12
C0761,Ananya,Male,33.0,bangalore,100000.0,2025-02-25
C0762,Rahul,Male,57.0,Chennai,5019.97,2025-04-05
C0763,Ananya,Female,65.0,mumbai,4103.09,2025-08-23
C0764,Rohan,Female,60.0,Hyderabad,11287.22,2025-12-31
C0765,Vivaan,Female,40.0,mumbai,986.22,2025-03-12
C0766,Rahul,Male,47.0,Kolkata,8763.4,2025-09-14
C0767,Rohan,Female,27.0,Chennai,11555.65,2025-04-27
C0768,Ananya,Male,21.0,Pune,13213.1,2025-08-11
C0769,Diya,Female,57.0,DELHI,5460.19,2025-08-18
C0770,Ananya,Male,52.0,mumbai,12408.23,2025-11-02
C0771,Diya,Male,25.0,bangalore,2104.16,2025-08-10
C0772,Sneha,Male,42.0,Hyderabad,12773.56,2025-12-22
C0773,Rahul,Male,44.0,bangalore,2348.59,2025-01-14
C0774,Kavya,Female,27.0,,,2025-04-02
C0775,Kavya,Male,55.0,Pune,12060.78,2025-05-22
C0776,Diya,Male,62.0,Kolkata,2673.8,2025-06-22
C0777,Rohan,Male,22.0,,,2025-10-21
C0778,Aditya,Male,57.0,Chennai,10972.66,2025-04-11
C0779,Aarav,Female,30.0,Kolkata,10940.53,2025-07-01
C0780,Diya,Male,41.0,Hyderabad,9796.64,2025-11-04
C0781,Sneha,Female,44.0,Kolkata,10562.25,2025-02-02
C0782,Diya,Female,34.0,,8369.5,2025-10-26
C0783,Aarav,Male,56.0,Pune,,2025-12-05
C0784,Rohan,Female,54.0,Hyderabad,5512.59,2025-11-08
C0785,Diya,Male,18.0,Hyderabad,3133.17,2025-01-05
C0786,Kavya,Male,28.0,Kolkata,13672.53,2025-05-30
C0787,Aditya,Male,56.0,bangalore,8959.18,2025-07-08
C0788,Priya,Female,52.0,mumbai,6312.35,2025-03-22
C0789,Sneha,Male,65.0,Hyderabad,7199.08,2025-06-10
C0790,Diya,Female,25.0,Chennai,14235.61,2025-10-30
C0791,Ananya,Female,24.0,Chennai,2723.6,2025-07-22
C0792,Vivaan,Male,29.0,,9000.33,2025-10-10
C0793,Aditya,Male,44.0,Pune,7835.39,2025-04-23
C0794,Aarav,Male,39.0,mumbai,9366.09,2025-03-10
C0795,Priya,Male,33.0,Chennai,762.6,2025-12-10
C0796,Rohan,Male,43.0,bangalore,13145.8,2025-02-27
C0797,Vivaan,Male,45.0,Chennai,14015.72,2025-02-19
C0798,Rohan,Female,34.0,Chennai,8694.43,2025-10-28
C0799,Rahul,Male,,DELHI,10601.44,2025-10-03
C0800,Ananya,Female,42.0,DELHI,13876.24,2025-08-18
C0801,Priya,Male,49.0,mumbai,10754.96,2025-06-12
C0802,Ananya,Female,50.0,mumbai,2711.82,2025-11-22
C0803,Priya,Female,55.0,bangalore,8856.18,2025-12-11
C0804,Rahul,Female,50.0,,9297.37,2025-03-26
C0805,Kavya,Male,52.0,Pune,6649.89,2025-08-18
C0806,Vivaan,Female,22.0,Pune,11178.44,2025-07-19
C0807,Aarav,Female,47.0,Chennai,14048.32,2025-08-15
C0808,Diya,Female,39.0,Hyderabad,13920.74,2025-12-26
C0809,Vivaan,Female,57.0,Hyderabad,7037.17,2025-03-01
C0810,Diya,Male,,Kolkata,2141.95,2025-11-03
C0811,Priya,Male,51.0,mumbai,14780.2,2025-05-28
C0812,Vivaan,Male,29.0,Chennai,12664.02,2025-11-11
C0813,Diya,Female,52.0,DELHI,2307.61,2025-02-21
C0814,Aditya,Female,19.0,Pune,13852.21,2025-12-05
C0815,Priya,Male,34.0,,13113.5,2025-11-15
C0816,Rohan,Female,61.0,Kolkata,8023.15,2025-09-08
C0817,Priya,Female,62.0,mumbai,9073.49,2025-12-19
C0818,Diya,Male,40.0,Pune,6285.54,2025-07-17
C0819,Rahul,Female,46.0,Kolkata,1294.04,2025-06-22
C0820,Rahul,Male,29.0,DELHI,100000.0,2025-05-21
C0821,Aarav,Female,44.0,DELHI,12141.38,2025-01-24
C0822,Vivaan,Male,22.0,mumbai,567.16,2025-02-12
C0823,Aarav,Male,18.0,Chennai,5335.74,2025-09-30
C0824,Priya,Male,62.0,Kolkata,6273.45,2025-10-28
C0825,Ananya,Female,28.0,mumbai,8292.24,2025-01-25
C0826,Diya,Female,46.0,bangalore,13837.91,2025-12-12
C0827,Aarav,Male,35.0,mumbai,100000.0,2025-08-06
C0828,Aarav,Male,37.0,mumbai,5530.82,2025-09-16
C0829,Vivaan,Male,23.0,bangalore,11193.77,2025-08-22
C0830,Aarav,Male,47.0,Kolkata,7057.16,2025-10-02
C0831,Sneha,Female,53.0,Kolkata,3756.77,2025-10-04
C0832,Aditya,Female,,Kolkata,7060.37,2025-01-14
C0833,Priya,Female,,Pune,2542.43,2025-06-28
C0834,Rohan,Female,35.0,Pune,3057.61,2025-11-03
C0835,Rahul,Male,60.0,Chennai,7726.33,2025-02-18
C0836,Aarav,Female,40.0,Chennai,6574.42,2025-09-20
C0837,Aditya,Female,51.0,mumbai,13765.27,2025-01-14
C0838,Priya,Male,55.0,Hyderabad,,2025-07-10
C0839,Rahul,Female,49.0,Chennai,8918.53,2025-09-15
C0840,Kavya,Male,42.0,Hyderabad,9667.83,2025-06-04
C0841,Vivaan,Female,54.0,mumbai,689.87,2025-12-29
C0842,Vivaan,Female,30.0,Kolkata,10121.29,2025-09-03
C0843,Sneha,Male,42.0,Kolkata,3081.52,2025-03-16
C0844,Rohan,Male,50.0,Pune,14435.52,2025-12-08
C0845,Diya,Female,37.0,bangalore,2655.61,2025-02-12
C0846,Sneha,Female,61.0,DELHI,6512.05,2025-03-21
C0847,Rahul,Male,31.0,Pune,1737.57,2025-12-26
C0848,Diya,Male,61.0,,14954.68,2025-03-09
C0849,Diya,Male,32.0,Kolkata,7781.83,2025-04-08
C0850,Kavya,Female,31.0,Pune,9133.08,2025-12-09
C0851,Sneha,Male,25.0,Chennai,1472.61,2025-04-21
C0852,Aarav,Male,28.0,bangalore,11374.43,2025-03-21
C0853,Sneha,Male,39.0,Kolkata,3543.63,2025-02-08
C0854,Kavya,Female,48.0,mumbai,13521.79,2025-11-24
C0855,Sneha,Male,45.0,Hyderabad,3474.52,2025-08-09
C0856,Ananya,Female,61.0,Kolkata,3264.97,2025-06-09
C0857,Kavya,Male,21.0,mumbai,1029.97,2025-05-20
C0858,Kavya,Female,27.0,mumbai,7344.97,2025-12-26
C0859,Priya,Female,47.0,Chennai,8690.2,2025-12-08
C0860,Rohan,Male,31.0,DELHI,1452.78,2025-08-13
C0861,Ananya,Female,54.0,Pune,,2025-10-10
C0862,Vivaan,Male,39.0,Kolkata,7072.69,2025-03-15
C0863,Rahul,Female,,Hyderabad,8103.66,2025-07-13
C0864,Rahul,Male,18.0,DELHI,6891.06,2025-11-30
C0865,Aarav,Female,57.0,bangalore,6311.06,2025-05-15
C0866,Sneha,Male,54.0,Pune,8614.78,2025-05-24
C0867,Priya,Male,44.0,Kolkata,2750.98,2025-08-25
C0868,Aarav,Female,42.0,Pune,3137.96,2025-09-24
C0869,Vivaan,Female,27.0,DELHI,12995.89,2025-05-04
C0870,Sneha,Female,32.0,Kolkata,14218.67,2025-08-19
C0871,Ananya,Female,60.0,mumbai,5912.99,2025-08-24
C0872,Ananya,Female,,Hyderabad,4425.8,2025-12-23
C0873,Rohan,Female,,Pune,9837.99,2025-01-09
C0874,Priya,Female,27.0,Hyderabad,,2025-07-27
C0875,Sneha,Female,34.0,Chennai,,2025-09-02
C0876,Sneha,Male,39.0,,2764.21,2025-01-14
C0877,Aarav,Male,35.0,Pune,10881.6,2025-07-20
C0878,Diya,Female,22.0,mumbai,10054.4,2025-12-01
C0879,Sneha,Male,28.0,DELHI,892.89,2025-01-07
C0880,Priya,Male,35.0,Pune,,2025-01-15
C0881,Rohan,Male,63.0,Pune,,2025-09-09
C0882,Aarav,Female,44.0,Kolkata,,2025-08-23
C0883,Aditya,Male,26.0,bangalore,785.8,2025-09-18
C0884,Sneha,Female,48.0,Kolkata,,2025-06-05
C0885,Aarav,Female,44.0,mumbai,12098.78,2025-02-20
C0886,Ananya,Male,48.0,Chennai,3088.9,2025-06-09
C0887,Aarav,Female,27.0,mumbai,9964.82,2025-09-21
C0888,Ananya,Female,21.0,Chennai,3953.65,2025-04-30
C0889,Diya,Female,58.0,Hyderabad,1941.9,2025-05-01
C0890,Rohan,Female,18.0,mumbai,4026.0,2025-05-14
C0891,Vivaan,Female,39.0,Chennai,10972.87,2025-01-01
C0892,Priya,Male,29.0,Kolkata,12907.6,2025-07-24
C0893,Rohan,Male,38.0,Chennai,12538.19,2025-07-08
C0894,Aarav,Female,47.0,Hyderabad,6259.16,2025-11-26
C0895,Aarav,Male,58.0,Hyderabad,10187.23,2025-03-10
C0896,Kavya,Female,52.0,Chennai,3472.27,2025-03-04
C0897,Sneha,Female,28.0,Kolkata,4750.64,2025-03-23
C0898,Priya,Male,51.0,bangalore,13496.87,2025-02-14
C0899,Sneha,Male,51.0,Hyderabad,688.53,2025-07-19
C0900,Diya,Female,38.0,Hyderabad,1739.87,2025-05-14
C0901,Vivaan,Male,42.0,bangalore,3514.35,2025-01-21
C0902,Aditya,Male,45.0,mumbai,884.72,2025-05-09
C0903,Rahul,Female,40.0,Hyderabad,3130.81,2025-04-23
C0904,Rahul,Female,64.0,Pune,8954.1,2025-04-15
C0905,Ananya,Male,55.0,Pune,6610.66,2025-01-25
C0906,Priya,Male,53.0,Pune,13443.74,2025-04-07
C0907,Aditya,Female,48.0,,12352.93,2025-09-20
C0908,Aarav,Female,28.0,bangalore,5456.35,2025-05-12
C0909,Priya,Female,18.0,Hyderabad,4261.64,2025-11-06
C0910,Aarav,Female,61.0,DELHI,6005.54,2025-06-23
C0911,Rahul,Female,34.0,mumbai,9059.28,2025-12-05
C0912,Vivaan,Male,28.0,Pune,4386.92,2025-07-07
C0913,Rahul,Female,35.0,Chennai,9550.16,2025-04-13
C0914,Vivaan,Male,55.0,Hyderabad,6436.47,2025-08-11
C0915,Ananya,Female,43.0,Hyderabad,8504.68,2025-10-19
C0916,Sneha,Male,24.0,Chennai,6823.83,2025-05-18
C0917,Priya,Male,22.0,Pune,4769.75,2025-01-25
C0918,Sneha,Male,23.0,mumbai,14252.57,2025-04-28
C0919,Vivaan,Female,55.0,,11572.28,2025-12-23
C0920,Sneha,Male,42.0,Kolkata,2531.64,2025-10-06
C0921,Priya,Female,35.0,Chennai,13092.79,2025-05-30
C0922,Sneha,Female,27.0,Hyderabad,7567.75,2025-10-04
C0923,Rahul,Male,39.0,bangalore,13471.01,2025-07-17
C0924,Diya,Male,28.0,mumbai,12097.9,2025-11-14
C0925,Rahul,Male,51.0,Hyderabad,6665.6,2025-11-28
C0926,Ananya,Male,30.0,Hyderabad,825.8,2025-09-12
C0927,Diya,Male,41.0,bangalore,4395.82,2025-04-04
C0928,Kavya,Male,,bangalore,8353.7,2025-10-31
C0929,Rohan,Female,52.0,Chennai,9685.43,2025-05-28
C0930,Rahul,Female,55.0,bangalore,4239.37,2025-08-15
C0931,Rohan,Male,20.0,Pune,2520.66,2025-06-17
C0932,Diya,Male,22.0,bangalore,12606.49,2025-12-26
C0933,Diya,Female,50.0,Hyderabad,,2025-10-30
C0934,Kavya,Male,20.0,bangalore,8122.51,2025-07-15
C0935,Diya,Female,59.0,Pune,2989.35,2025-10-15
C0936,Sneha,Female,55.0,Kolkata,4448.46,2025-01-26
C0937,Ananya,Male,38.0,bangalore,766.66,2025-06-08
C0938,Vivaan,Male,44.0,DELHI,13757.33,2025-03-11
C0939,Rohan,Female,30.0,Hyderabad,2207.39,2025-05-10
C0940,Priya,Female,32.0,bangalore,8859.49,2025-03-30
C0941,Aditya,Male,24.0,DELHI,4473.8,2025-02-21
C0942,Sneha,Female,48.0,,8535.58,2025-10-31
C0943,Rahul,Male,40.0,bangalore,9945.6,2025-09-16
C0944,Aarav,Female,51.0,Hyderabad,12531.26,2025-08-17
C0945,Priya,Male,57.0,Hyderabad,3493.11,2025-07-27
C0946,Priya,Female,64.0,Hyderabad,659.44,2025-03-05
C0947,Aarav,Female,43.0,Chennai,2484.84,2025-02-05
C0948,Ananya,Male,60.0,DELHI,13550.27,2025-02-24
C0949,Priya,Male,56.0,Hyderabad,13171.41,2025-11-21
C0950,Kavya,Male,49.0,mumbai,9162.49,2025-01-31
C0951,Aarav,Male,22.0,Chennai,9207.49,2025-07-15
C0952,Aditya,Female,53.0,DELHI,10143.03,2025-02-09
C0953,Aditya,Male,49.0,bangalore,3042.88,2025-03-16
C0954,Diya,Male,50.0,Hyderabad,13758.97,2025-12-11
C0955,Rohan,Female,36.0,DELHI,6572.17,2025-05-03
C0956,Vivaan,Male,45.0,Hyderabad,6055.51,2025-10-24
C0957,Ananya,Male,23.0,Hyderabad,,2025-08-17
C0958,Rahul,Female,44.0,mumbai,1181.01,2025-08-27
C0959,Rohan,Female,60.0,bangalore,2911.11,2025-08-25
C0960,Diya,Female,25.0,mumbai,11201.49,2025-10-19
C0961,Aarav,Female,48.0,Hyderabad,1700.58,2025-02-02
C0962,Kavya,Male,25.0,Chennai,9245.71,2025-07-25
C0963,Diya,Female,64.0,Chennai,4057.56,2025-09-09
C0964,Kavya,Male,57.0,DELHI,6144.79,2025-04-18
C0965,Ananya,Male,24.0,Kolkata,4686.06,2025-04-01
C0966,Aditya,Female,23.0,Chennai,5657.25,2025-05-03
C0967,Rahul,Female,33.0,DELHI,10926.17,2025-03-19
C0968,Aditya,Female,34.0,,4808.26,2025-07-26
C0969,Vivaan,Female,32.0,mumbai,100000.0,2025-10-30
C0970,Diya,Female,31.0,bangalore,7402.73,2025-03-29
C0971,Aditya,Female,58.0,Pune,10123.23,2025-04-01
C0972,Rahul,Male,35.0,mumbai,14084.03,2025-05-28
C0973,Priya,Female,62.0,Pune,11122.3,2025-12-12
C0974,Sneha,Male,57.0,,3616.64,2025-10-07
C0975,Aarav,Female,23.0,mumbai,952.16,2025-06-07
C0976,Aditya,Female,58.0,Kolkata,,2025-06-03
C0977,Aditya,Male,47.0,DELHI,9128.63,2025-05-21
C0978,Aditya,Male,27.0,Chennai,1245.67,2025-11-26
C0979,Aditya,Female,35.0,Hyderabad,100000.0,2025-08-11
C0980,Aditya,Female,50.0,DELHI,9154.22,2025-02-07
C0981,Priya,Male,52.0,mumbai,5346.54,2025-05-05
C0982,Vivaan,Female,46.0,Chennai,,2025-06-09
C0983,Sneha,Female,64.0,Hyderabad,2045.67,2025-09-04
C0984,Rahul,Female,61.0,DELHI,1589.5,2025-10-30
C0985,Aditya,Female,26.0,Chennai,11058.74,2025-08-16
C0986,Vivaan,Female,55.0,mumbai,7684.62,2025-11-12
C0987,Diya,Female,43.0,Hyderabad,10481.83,2025-10-11
C0988,Aarav,Male,53.0,Pune,6805.0,2025-07-12
C0989,Kavya,Female,44.0,DELHI,4072.83,2025-03-26
C0990,Aditya,Male,43.0,Hyderabad,12376.98,2025-06-14
C0991,Aarav,Female,25.0,bangalore,12091.53,2025-05-23
C0992,Rahul,Female,41.0,Hyderabad,10573.1,2025-12-10
C0993,Rohan,Male,,Pune,4446.1,2025-05-21
C0994,Rohan,Female,26.0,Chennai,9058.34,2025-01-24
C0995,Aditya,Male,,mumbai,5734.12,2025-01-17
C0996,Priya,Male,22.0,DELHI,1827.94,2025-07-20
C0997,Rohan,Male,65.0,Pune,13801.05,2025-11-29
C0998,Rohan,Male,56.0,DELHI,2483.87,2025-06-22
C0999,Aditya,Female,47.0,Hyderabad,14278.44,2025-04-19
C1000,Kavya,Female,28.0,Chennai,6967.08,2025-10-05
C0522,Aarav,Female,49.0,bangalore,6022.92,2025-06-19
C0738,Aarav,Male,20.0,Hyderabad,12340.69,2025-03-25
C0741,Vivaan,Female,39.0,bangalore,,2025-11-29
C0661,Ananya,Male,54.0,Chennai,5663.4,2025-06-04
C0412,Aditya,Female,24.0,bangalore,14275.9,2025-02-08
C0679,Aarav,Male,57.0,mumbai,14557.32,2025-06-12
C0627,Kavya,Female,26.0,Kolkata,7206.75,2025-09-30
C0514,Sneha,Male,,bangalore,13057.93,2025-03-13
C0860,Rohan,Male,31.0,DELHI,1452.78,2025-08-13
C0137,Aarav,Female,22.0,mumbai,8022.46,2025-10-21
C0812,Vivaan,Male,29.0,Chennai,12664.02,2025-11-11
C0077,Rahul,Male,55.0,Hyderabad,11683.42,2025-12-31
C0637,Rahul,Male,56.0,Hyderabad,8222.95,2025-09-24
C0974,Sneha,Male,57.0,,3616.64,2025-10-07
C0939,Rohan,Female,30.0,Hyderabad,2207.39,2025-05-10
C0900,Diya,Female,38.0,Hyderabad,1739.87,2025-05-14
C0281,Vivaan,Male,19.0,mumbai,13405.08,2025-06-18
C0884,Sneha,Female,48.0,Kolkata,,2025-06-05
C0762,Rahul,Male,57.0,Chennai,5019.97,2025-04-05
C0320,Aditya,Female,50.0,Hyderabad,4128.52,2025-08-11
C0550,Rahul,Female,64.0,DELHI,11698.62,2025-06-12
C0175,Rohan,Female,22.0,Hyderabad,9855.01,2025-08-20
C0372,Aditya,Female,46.0,Pune,764.22,2025-01-02
C0528,Aarav,Male,31.0,DELHI,4464.4,2025-03-22
C0211,Sneha,Female,24.0,Kolkata,,2025-06-07
C0236,Priya,Male,52.0,bangalore,10975.56,2025-06-10
C0102,Kavya,Male,31.0,Chennai,9727.95,2025-12-19
C0987,Diya,Female,43.0,Hyderabad,10481.83,2025-10-11
C0903,Rahul,Female,40.0,Hyderabad,3130.81,2025-04-23
C0948,Ananya,Male,60.0,DELHI,13550.27,2025-02-24
